pair,score12,score14,score16,score18
aa,75,74,76,85
ab,83,80,81,88
ac,68,68,66,75
ad,70,71,70,77
ae,72,71,70,77
af,45,42,43,47
ag,72,70,71,80
ah,40,42,40,45
ai,42,40,40,45
aj,46,49,46,53
ak,40,42,40,45
al,40,42,40,45
am,42,40,40,44
an,43,41,41,45
ao,70,71,70,77
ap,46,49,46,53
aq,70,71,70,77
ar,43,41,41,46
as,72,73,74,78
at,48,51,50,56
au,50,49,50,55
av,39,35,45,44
aw,33,33,41,39
ax,81,80,78,82
ay,73,73,76,83
az,74,70,76,80
aá,75,74,76,85
aé,72,71,70,77
aí,43,41,41,46
aó,70,71,70,77
aö,70,71,70,77
aú,50,49,50,55
aü,50,49,50,55
aő,70,71,70,77
aű,50,49,50,55
ba,69,64,64,70
bb,83,75,77,83
bc,60,60,61,63
bd,75,74,75,78
be,61,60,61,64
bf,89,84,85,89
bg,66,64,65,68
bh,84,85,81,87
bi,85,83,84,88
bj,76,79,75,81
bk,84,85,81,87
bl,84,85,81,87
bm,80,76,76,81
bn,80,76,76,81
bo,61,60,61,63
bp,73,74,72,77
bq,61,60,61,63
br,80,76,76,81
bs,73,72,74,76
bt,78,81,77,83
bu,71,69,69,73
bv,60,64,65,62
bw,60,63,64,62
bx,70,66,69,72
by,63,73,69,67
bz,79,75,79,82
bá,79,78,76,82
bé,69,68,67,70
bí,85,84,85,89
bó,68,66,66,69
bö,66,61,63,67
bú,79,77,78,81
bü,78,76,77,79
bő,68,66,66,69
bű,79,77,78,81
ca,69,77,77,78
cb,76,77,79,81
cc,39,47,48,48
cd,35,43,42,43
ce,39,47,48,48
cf,73,76,73,76
cg,66,71,72,72
ch,33,41,39,41
ci,72,74,70,73
cj,76,82,80,82
ck,71,79,76,78
cl,34,42,40,42
cm,71,73,69,71
cn,71,73,69,71
co,35,43,42,43
cp,74,81,79,81
cq,36,44,43,44
cr,71,73,69,72
cs,35,39,40,40
ct,37,42,42,42
cu,39,44,44,43
cv,64,64,65,67
cw,63,63,64,66
cx,62,67,66,68
cy,37,36,37,40
cz,72,71,73,73
cá,69,77,77,78
cé,39,47,48,48
cí,72,74,70,73
có,36,44,43,44
cö,36,44,43,44
cú,39,44,44,43
cü,39,44,44,43
cő,36,44,43,44
cű,39,44,44,43
da,73,72,81,79
db,47,45,52,50
dc,70,70,75,74
dd,44,42,52,49
de,73,73,80,77
df,54,54,59,57
dg,75,74,82,80
dh,47,52,56,54
di,50,47,57,54
dj,46,54,53,56
dk,48,52,56,55
dl,47,52,56,54
dm,78,75,81,78
dn,78,75,81,78
do,73,73,80,77
dp,41,43,48,45
dq,72,73,80,77
dr,78,75,81,78
ds,32,33,41,37
dt,49,50,56,54
du,47,45,53,49
dv,71,66,67,71
dw,69,66,63,66
dx,66,64,63,66
dy,75,75,72,79
dz,69,65,75,72
dá,75,76,84,81
dé,44,41,53,49
dí,47,49,55,53
dó,42,39,48,45
dö,76,75,82,80
dú,50,51,57,53
dü,49,49,56,52
dő,42,39,48,45
dű,50,51,57,53
ea,44,46,46,50
eb,71,69,70,76
ec,64,67,66,69
ed,66,69,68,71
ee,67,69,68,71
ef,78,74,74,80
eg,64,65,67,70
eh,36,38,36,42
ei,78,76,78,82
ej,65,76,75,73
ek,70,72,69,76
el,36,38,36,42
em,77,76,77,82
en,77,76,77,82
eo,67,69,68,71
ep,77,81,80,84
eq,66,69,68,71
er,77,76,77,83
es,65,67,65,72
et,73,77,73,80
eu,73,73,73,77
ev,62,61,68,64
ew,58,59,65,62
ex,61,61,62,60
ey,64,68,71,69
ez,77,74,75,78
eá,44,46,46,50
eé,67,69,68,71
eí,78,76,78,82
eó,67,69,68,71
eö,67,69,68,71
eú,73,73,73,77
eü,73,73,73,77
eő,67,69,68,71
eű,73,73,73,77
fa,40,42,47,45
fb,47,53,54,54
fc,49,50,53,52
fd,53,57,59,57
fe,50,51,54,53
ff,38,44,40,48
fg,47,46,53,49
fh,47,53,53,52
fi,34,36,37,38
fj,35,37,37,44
fk,47,53,53,52
fl,47,53,53,52
fm,36,37,35,35
fn,36,37,35,35
fo,49,50,53,52
fp,42,47,44,46
fq,49,50,54,53
fr,37,38,36,36
fs,42,44,52,47
ft,51,53,54,55
fu,49,51,51,52
fv,48,49,50,51
fw,48,49,50,51
fx,35,34,35,36
fy,49,50,51,52
fz,71,68,72,72
fá,51,53,55,55
fé,54,56,59,58
fí,43,42,43,46
fó,53,55,58,57
fö,48,48,55,54
fú,52,57,55,56
fü,46,51,53,54
fő,52,54,58,58
fű,52,56,54,55
ga,75,78,77,82
gb,73,70,71,75
gc,66,67,65,71
gd,69,68,66,72
ge,69,68,66,72
gf,69,63,63,65
gg,63,71,69,67
gh,66,68,63,69
gi,67,61,62,65
gj,43,49,46,50
gk,66,68,63,69
gl,66,68,63,69
gm,67,61,62,64
gn,67,61,62,64
go,69,68,66,72
gp,65,69,65,70
gq,82,84,83,87
gr,67,61,62,64
gs,38,37,44,42
gt,43,46,50,49
gu,46,46,52,49
gv,42,37,43,41
gw,39,38,41,39
gx,66,65,65,66
gy,46,49,51,50
gz,37,35,40,38
gá,75,78,77,82
gé,69,68,66,72
gí,68,62,63,66
gó,69,68,66,72
gö,69,68,66,72
gú,46,46,52,49
gü,46,46,52,49
gő,69,68,66,72
gű,46,46,52,49
ha,77,72,79,83
hb,53,48,55,58
hc,36,31,36,41
hd,83,76,85,90
he,37,31,38,41
hf,55,54,59,60
hg,76,70,77,81
hh,52,56,59,61
hi,53,51,59,60
hj,52,52,56,58
hk,52,56,59,61
hl,52,56,59,61
hm,48,44,49,50
hn,48,44,49,50
ho,35,31,38,41
hp,49,47,51,53
hq,35,31,38,41
hr,48,44,49,50
hs,34,30,37,39
ht,53,53,56,59
hu,50,47,52,54
hv,72,74,74,78
hw,67,73,71,74
hx,45,44,46,48
hy,36,33,39,36
hz,75,71,78,81
há,48,46,52,56
hé,82,76,84,89
hí,53,55,59,60
hó,82,75,82,87
hö,80,74,81,85
hú,54,52,58,60
hü,54,50,57,58
hő,83,76,83,88
hű,54,52,58,60
ia,70,76,76,72
ib,53,50,51,49
ic,40,38,36,35
id,85,83,82,79
ie,41,38,38,35
if,56,55,58,56
ig,80,78,77,74
ih,54,54,56,54
ii,55,53,57,54
ij,53,52,52,56
ik,53,53,54,53
il,54,54,56,54
im,85,82,80,77
in,85,82,80,77
io,41,38,38,35
ip,46,45,42,39
iq,40,38,38,35
ir,85,82,80,77
is,39,38,37,33
it,53,52,51,52
iu,51,49,49,45
iv,41,36,44,41
iw,37,35,41,36
ix,34,33,37,35
iy,44,42,46,45
iz,77,72,74,71
iá,76,82,84,82
ié,86,83,83,82
ií,54,51,54,52
ió,85,83,82,80
iö,84,82,81,78
iú,56,56,57,53
iü,56,55,56,52
iő,85,83,82,80
iű,56,56,57,53
ja,71,71,70,72
jb,82,80,81,83
jc,63,63,63,65
jd,69,67,68,71
je,64,64,64,67
jf,50,50,50,52
jg,72,73,74,74
jh,43,46,45,46
ji,46,45,47,47
jj,47,55,53,55
jk,43,46,45,46
jl,43,46,45,46
jm,74,72,72,73
jn,74,72,72,73
jo,64,64,64,67
jp,46,50,46,48
jq,74,76,74,75
jr,74,72,72,73
js,68,70,71,71
jt,42,44,42,44
ju,41,42,41,40
jv,60,59,60,66
jw,60,60,60,67
jx,60,60,60,62
jy,85,87,84,86
jz,63,60,62,63
já,75,75,75,76
jé,71,70,71,73
jí,81,79,82,84
jó,69,67,68,71
jö,69,67,68,71
jú,46,46,46,45
jü,45,45,45,44
jő,69,67,68,71
jű,46,46,46,45
ka,60,58,60,65
kb,50,47,55,54
kc,35,36,36,34
kd,46,44,46,44
ke,36,36,37,34
kf,50,51,55,55
kg,71,68,71,74
kh,50,54,58,57
ki,47,43,50,51
kj,76,73,75,80
kk,50,54,58,57
kl,50,54,58,57
km,71,67,71,70
kn,71,67,71,70
ko,36,36,36,32
kp,70,68,72,70
kq,37,35,37,32
kr,71,67,71,70
ks,60,61,60,63
kt,46,42,51,52
ku,39,35,42,39
kv,47,48,48,47
kw,43,45,45,44
kx,72,71,72,71
ky,48,50,49,49
kz,61,58,64,63
ká,70,72,72,76
ké,84,83,83,81
kí,48,49,51,53
kó,83,81,82,81
kö,81,80,81,80
kú,48,50,53,53
kü,47,44,52,52
kő,83,81,82,81
kű,48,50,53,53
la,62,60,61,71
lb,46,52,52,54
lc,32,39,36,38
ld,44,51,52,53
le,32,39,38,38
lf,53,59,59,60
lg,33,40,40,41
lh,47,57,56,57
li,49,53,57,57
lj,53,53,53,55
lk,48,57,56,58
ll,47,57,56,57
lm,77,82,81,81
ln,77,82,81,81
lo,32,39,38,38
lp,39,48,45,45
lq,32,39,38,38
lr,77,82,81,81
ls,31,40,39,38
lt,48,55,56,57
lu,44,50,51,51
lv,70,66,67,68
lw,67,66,63,64
lx,65,64,63,64
ly,73,72,69,77
lz,68,72,75,75
lá,66,66,66,75
lé,78,84,85,87
lí,46,56,55,56
ló,78,84,84,86
lö,75,82,81,83
lú,51,57,57,56
lü,50,55,56,55
lő,78,84,84,86
lű,51,57,57,56
ma,73,79,79,82
mb,43,46,46,48
mc,32,38,36,38
md,32,38,38,38
me,32,38,38,38
mf,48,49,51,51
mg,72,78,77,80
mh,41,48,47,48
mi,47,49,50,51
mj,46,51,52,53
mk,41,48,47,48
ml,41,48,47,48
mm,47,49,50,49
mn,47,49,50,49
mo,32,38,38,38
mp,46,51,52,53
mq,32,38,38,38
mr,47,49,50,51
ms,31,39,38,38
mt,45,52,53,53
mu,47,50,52,53
mv,68,72,74,74
mw,65,70,71,72
mx,44,45,46,47
my,32,38,39,41
mz,75,77,80,82
má,73,79,79,82
mé,32,38,38,38
mí,47,49,50,51
mó,33,39,39,39
mö,33,39,39,39
mú,47,50,52,53
mü,47,50,52,53
mő,33,39,39,39
mű,47,50,52,53
na,69,76,72,73
nb,77,81,77,79
nc,63,70,64,67
nd,64,71,66,67
ne,65,71,66,67
nf,45,47,46,47
ng,69,75,71,73
nh,37,44,40,42
ni,43,45,43,45
nj,40,49,45,48
nk,37,44,40,42
nl,37,44,40,42
nm,43,45,43,44
nn,43,45,43,44
no,65,71,66,67
np,40,49,45,48
nq,64,71,66,67
nr,43,45,43,45
ns,66,75,71,71
nt,42,51,48,50
nu,45,50,48,48
nv,62,68,63,67
nw,60,68,63,66
nx,80,83,82,84
ny,65,73,68,71
nz,72,77,76,78
ná,69,76,72,73
né,65,71,66,67
ní,43,45,43,45
nó,66,72,67,68
nö,66,72,67,68
nú,45,50,48,48
nü,45,50,48,48
nő,66,72,67,68
nű,45,50,48,48
oa,62,69,67,73
ob,63,65,66,73
oc,58,60,61,64
od,57,60,61,64
oe,57,60,61,64
of,76,79,78,83
og,61,66,67,71
oh,31,40,36,42
oi,37,42,42,46
oj,65,75,70,76
ok,31,40,36,42
ol,31,40,36,42
om,74,79,78,83
on,75,80,79,84
oo,57,60,61,64
op,68,79,75,79
oq,57,60,61,64
or,75,80,79,84
os,66,75,74,77
ot,65,77,72,77
ou,67,72,72,75
ov,61,59,65,62
ow,60,60,64,62
ox,74,73,74,71
oy,66,66,73,72
oz,75,78,79,82
oá,62,69,67,73
oé,57,60,61,64
oí,37,42,42,46
oó,57,60,61,64
oö,57,60,61,64
oú,67,72,72,75
oü,67,72,72,75
oő,57,60,61,64
oű,67,72,72,75
pa,67,74,71,75
pb,67,72,70,75
pc,58,62,61,63
pd,59,63,62,64
pe,59,63,62,65
pf,42,46,43,47
pg,77,86,82,86
ph,33,44,39,43
pi,38,46,43,47
pj,77,81,84,80
pk,33,44,39,43
pl,33,44,39,43
pm,38,46,43,47
pn,38,46,43,47
po,59,63,62,64
pp,77,89,84,87
pq,73,80,77,80
pr,38,46,43,47
ps,69,78,75,78
pt,70,82,75,80
pu,70,79,75,77
pv,61,59,60,61
pw,61,60,60,61
px,66,76,74,71
py,81,81,81,84
pz,77,82,82,84
pá,67,74,71,75
pé,59,63,62,65
pí,38,46,43,47
pó,59,63,62,64
pö,59,63,62,64
pú,70,79,75,77
pü,70,79,75,77
pő,59,63,62,64
pű,70,79,75,77
qa,71,71,70,75
qb,81,79,80,85
qc,63,63,63,68
qd,64,64,64,69
qe,64,64,64,70
qf,46,41,53,50
qg,34,34,41,38
qh,39,42,39,44
qi,44,42,51,48
qj,52,57,55,55
qk,39,42,39,44
ql,39,42,39,44
qm,44,42,51,47
qn,44,42,51,47
qo,64,64,64,69
qp,44,54,52,54
qq,74,76,74,79
qr,44,42,51,47
qs,68,70,71,74
qt,39,42,40,46
qu,42,43,43,46
qv,63,61,68,65
qw,60,59,65,63
qx,64,65,73,68
qy,72,80,78,83
qz,65,62,65,68
qá,71,71,70,75
qé,64,64,64,70
qí,44,42,51,48
qó,64,64,64,69
qö,64,64,64,69
qú,42,43,43,46
qü,42,43,43,46
qő,65,65,65,70
qű,42,43,43,46
ra,37,32,37,35
rb,38,34,35,36
rc,47,42,46,42
rd,47,43,47,42
re,48,43,47,42
rf,37,34,37,39
rg,39,35,37,36
rh,35,36,35,36
ri,34,34,37,39
rj,37,35,36,38
rk,35,36,35,36
rl,35,36,35,36
rm,34,34,37,39
rn,34,34,37,39
ro,47,42,45,41
rp,37,35,36,38
rq,48,43,47,42
rr,34,34,37,39
rs,37,38,43,38
rt,41,36,37,39
ru,42,34,36,37
rv,43,34,35,36
rw,43,34,35,36
rx,35,37,40,37
ry,43,35,35,36
rz,34,33,36,37
rá,37,32,37,35
ré,48,43,47,42
rí,34,34,37,39
ró,47,42,45,41
rö,47,42,45,41
rú,42,34,36,37
rü,42,34,36,37
rő,48,43,46,42
rű,42,34,36,37
sa,62,66,68,68
sb,72,75,77,78
sc,67,69,70,71
sd,66,68,70,69
se,68,70,71,71
sf,78,79,81,79
sg,42,44,48,47
sh,35,42,42,42
si,37,40,42,40
sj,71,79,78,80
sk,33,40,39,40
sl,35,42,42,42
sm,75,78,79,78
sn,75,78,79,78
so,67,68,70,69
sp,71,79,78,80
sq,66,68,70,69
sr,75,78,79,78
ss,38,42,46,45
st,69,77,76,79
su,71,75,78,77
sv,69,66,63,63
sw,67,68,62,61
sx,58,59,60,60
sy,72,72,67,72
sz,64,63,66,65
sá,62,66,68,68
sé,68,70,71,71
sí,37,40,42,40
só,67,68,70,69
sö,67,68,70,69
sú,71,75,78,77
sü,71,75,78,77
ső,67,68,70,69
sű,71,75,78,77
ta,79,79,77,83
tb,86,87,82,91
tc,51,47,53,56
td,54,53,56,59
te,51,48,54,57
tf,48,49,44,52
tg,81,83,82,87
th,46,47,44,51
ti,42,45,38,40
tj,41,46,38,42
tk,46,47,44,51
tl,46,47,44,51
tm,41,37,36,37
tn,41,37,36,37
to,50,48,54,57
tp,41,43,39,41
tq,51,46,53,56
tr,41,37,36,37
ts,74,77,74,80
tt,52,55,54,57
tu,44,45,40,46
tv,50,50,50,51
tw,47,46,46,48
tx,40,36,35,36
ty,52,52,52,53
tz,71,68,69,71
tá,82,84,79,85
té,53,49,55,58
tí,42,44,38,40
tó,51,49,55,58
tö,51,49,55,58
tú,47,49,42,50
tü,47,47,42,50
tő,51,49,55,58
tű,47,49,42,50
ua,84,77,83,81
ub,52,46,51,49
uc,77,74,75,74
ud,80,77,80,77
ue,82,77,80,77
uf,50,42,50,45
ug,83,77,82,80
uh,48,46,47,46
ui,49,42,47,41
uj,50,49,48,45
uk,48,46,47,46
ul,48,46,47,46
um,86,79,83,78
un,86,79,83,78
uo,82,77,80,77
up,50,49,48,45
uq,80,77,80,77
ur,86,79,83,78
us,41,37,41,37
ut,52,48,52,49
uu,52,50,54,49
uv,72,72,69,72
uw,67,71,64,67
ux,42,38,39,37
uy,75,79,73,80
uz,65,66,73,69
uá,84,77,83,81
ué,82,77,80,77
uí,49,42,47,41
uó,82,77,80,77
uö,82,77,80,77
uú,53,51,55,50
uü,53,51,55,50
uő,82,77,80,77
uű,53,51,55,50
va,70,68,69,69
vb,78,73,83,83
vc,61,62,63,62
vd,63,62,63,62
ve,64,63,64,63
vf,48,44,51,51
vg,62,63,62,61
vh,42,44,49,49
vi,45,45,49,49
vj,39,41,45,45
vk,42,44,49,49
vl,42,44,49,49
vm,45,43,49,49
vn,45,43,49,49
vo,64,62,62,63
vp,39,41,45,45
vq,64,63,64,63
vr,45,43,49,49
vs,32,34,36,34
vt,46,45,45,48
vu,38,44,44,42
vv,38,36,37,39
vw,38,39,37,39
vx,49,47,51,51
vy,39,39,38,42
vz,72,66,67,69
vá,70,68,69,69
vé,64,63,64,63
ví,45,45,49,49
vó,64,62,62,63
vö,64,62,62,63
vú,38,44,44,42
vü,38,44,44,42
vő,64,62,62,63
vű,38,44,44,42
wa,67,62,63,68
wb,72,75,75,74
wc,60,59,60,64
wd,60,59,60,64
we,60,59,60,64
wf,44,45,45,44
wg,61,60,60,63
wh,37,47,44,42
wi,41,45,44,43
wj,35,43,40,39
wk,37,47,44,42
wl,37,47,44,42
wm,41,45,44,43
wn,41,45,44,43
wo,60,59,60,64
wp,35,43,40,39
wq,62,60,61,65
wr,41,45,44,43
ws,62,60,63,66
wt,43,42,40,43
wu,35,41,40,42
wv,42,37,42,40
ww,41,38,41,39
wx,44,47,46,46
wy,42,39,42,41
wz,71,64,69,68
wá,67,62,63,68
wé,61,60,61,65
wí,41,45,44,43
wó,61,60,61,65
wö,61,60,61,65
wú,35,41,40,42
wü,35,41,40,42
wő,61,60,61,65
wű,35,41,40,42
xa,66,70,73,71
xb,74,68,73,72
xc,40,39,49,47
xd,38,37,47,45
xe,40,39,50,48
xf,66,65,65,65
xg,31,38,39,36
xh,37,35,38,34
xi,70,66,68,68
xj,62,68,67,66
xk,37,35,38,34
xl,37,35,38,34
xm,69,65,66,66
xn,69,65,66,66
xo,38,37,47,45
xp,69,69,67,66
xq,37,37,47,45
xr,69,65,66,66
xs,29,34,37,33
xt,38,35,39,37
xu,41,37,41,38
xv,47,45,47,49
xw,44,42,42,45
xx,37,34,35,36
xy,49,47,48,50
xz,65,61,64,63
xá,66,70,73,71
xé,40,39,50,48
xí,70,66,68,68
xó,38,37,47,45
xö,38,37,47,45
xú,41,37,41,38
xü,41,37,41,38
xő,38,37,47,45
xű,41,37,41,38
ya,73,73,74,73
yb,77,82,84,84
yc,62,64,65,65
yd,62,64,65,65
ye,62,64,65,65
yf,48,50,51,50
yg,41,41,45,49
yh,42,50,49,47
yi,45,49,49,48
yj,48,57,56,56
yk,42,50,49,47
yl,42,50,49,47
ym,45,49,49,48
yn,45,49,49,48
yo,61,63,63,64
yp,48,56,56,56
yq,80,79,80,80
yr,45,49,49,48
ys,30,35,37,35
yt,47,48,48,51
yu,49,48,48,47
yv,43,41,45,42
yw,43,43,45,42
yx,49,51,51,50
yy,53,55,57,57
yz,36,33,37,35
yá,73,73,74,73
yé,62,64,65,65
yí,45,49,49,48
yó,61,63,63,64
yö,61,63,63,64
yú,49,48,48,47
yü,49,48,48,47
yő,61,63,63,64
yű,49,48,48,47
za,66,65,69,67
zb,63,61,64,64
zc,40,41,45,41
zd,78,76,79,77
ze,42,41,45,41
zf,69,67,72,70
zg,67,66,69,69
zh,63,68,67,66
zi,66,66,69,68
zj,68,73,71,70
zk,64,69,68,67
zl,64,69,68,67
zm,65,65,67,67
zn,65,65,67,67
zo,40,38,42,39
zp,67,73,71,70
zq,76,76,79,77
zr,65,65,67,67
zs,58,60,63,61
zt,66,70,69,69
zu,70,70,72,69
zv,38,37,41,39
zw,35,38,40,38
zx,62,63,63,63
zy,41,41,43,43
zz,58,58,60,60
zá,66,65,69,67
zé,42,41,45,41
zí,66,66,69,68
zó,40,38,42,39
zö,40,38,42,39
zú,70,70,72,69
zü,70,70,72,69
ző,40,38,42,39
zű,70,70,72,69
áa,75,74,76,85
áb,86,84,85,91
ác,68,68,66,75
ád,77,74,73,81
áe,72,71,70,77
áf,55,56,56,59
ág,72,70,71,80
áh,50,56,54,58
ái,53,53,57,59
áj,52,55,54,59
ák,50,56,54,58
ál,50,56,54,58
ám,43,41,41,45
án,43,41,41,45
áo,70,71,70,77
áp,46,49,46,53
áq,70,71,70,77
ár,43,41,41,46
ás,72,73,74,78
át,50,54,51,57
áu,50,49,50,55
áv,39,35,45,44
áw,33,33,41,39
áx,81,80,78,82
áy,73,73,76,83
áz,74,70,76,80
áá,83,85,84,91
áé,83,79,83,90
áí,55,58,58,61
áó,79,76,76,85
áö,75,73,72,81
áú,53,54,54,58
áü,52,52,53,57
áő,79,76,76,86
áű,53,54,54,58
éa,44,46,46,50
éb,76,73,73,80
éc,64,67,66,69
éd,47,45,46,49
ée,67,69,68,71
éf,86,84,85,90
ég,64,65,67,70
éh,81,87,83,87
éi,81,81,84,89
éj,70,86,82,78
ék,81,87,83,87
él,81,87,83,87
ém,77,76,77,82
én,77,76,77,82
éo,67,69,68,71
ép,77,81,80,84
éq,66,69,68,71
ér,77,76,77,83
és,65,67,65,72
ét,76,79,76,83
éu,73,73,73,77
év,62,69,68,64
éw,58,66,65,62
éx,61,61,62,60
éy,64,68,71,69
éz,77,74,75,78
éá,55,56,54,59
éé,48,46,47,51
éí,83,86,85,90
éó,48,46,47,51
éö,83,80,80,84
éú,50,52,51,54
éü,83,84,84,87
éő,48,46,47,51
éű,50,52,51,54
ía,70,76,76,72
íb,49,51,55,54
íc,40,38,36,35
íd,86,83,82,80
íe,42,39,39,36
íf,54,57,56,55
íg,80,78,77,74
íh,48,52,54,54
íi,52,50,52,48
íj,47,47,46,49
ík,45,52,54,54
íl,48,52,54,54
ím,85,82,80,77
ín,85,82,80,77
ío,42,39,39,36
íp,46,45,42,39
íq,41,39,39,36
ír,85,82,80,77
ís,40,39,38,34
ít,53,52,51,52
íu,51,49,49,45
ív,41,36,44,41
íw,37,35,41,36
íx,34,33,37,35
íy,44,42,46,45
íz,77,72,74,71
íá,75,84,84,81
íé,86,84,84,83
íí,55,55,55,53
íó,87,84,84,82
íö,83,81,81,78
íú,58,58,58,54
íü,55,55,55,52
íő,87,84,84,82
íű,58,58,58,54
óa,62,69,67,73
ób,69,73,72,77
óc,58,60,61,64
ód,64,70,69,73
óe,57,60,61,64
óf,81,86,85,89
óg,61,66,67,71
óh,72,83,78,85
ói,78,85,84,88
ój,70,82,76,83
ók,72,83,78,85
ól,72,83,78,85
óm,75,80,79,84
ón,75,80,79,84
óo,57,60,61,64
óp,68,79,75,79
óq,57,60,61,64
ór,75,80,79,84
ós,66,75,74,77
ót,69,80,76,81
óu,67,72,72,75
óv,61,59,65,62
ów,60,60,64,62
óx,74,73,74,71
óy,66,66,73,72
óz,75,78,79,82
óá,78,85,85,88
óé,69,75,74,77
óí,79,86,85,89
óó,67,72,71,74
óö,61,64,65,69
óú,72,79,78,81
óü,71,76,77,80
óő,67,72,71,74
óű,72,79,78,81
öa,62,69,67,73
öb,66,68,68,75
öc,58,60,61,64
öd,61,64,65,69
öe,58,61,62,65
öf,80,83,84,88
ög,61,66,67,71
öh,71,82,76,83
öi,78,85,84,88
öj,69,81,75,82
ök,71,82,76,83
öl,71,82,76,83
öm,75,80,79,84
ön,75,80,79,84
öo,58,61,62,65
öp,68,79,75,79
öq,58,61,62,65
ör,75,80,79,84
ös,66,75,74,77
öt,68,78,74,80
öu,67,72,72,75
öv,62,60,66,63
öw,60,60,64,62
öx,74,73,74,71
öy,66,66,73,72
öz,75,78,79,82
öá,75,84,84,85
öé,62,65,67,70
öí,78,85,84,88
öó,61,64,65,69
öö,61,64,65,69
öú,71,76,77,80
öü,71,76,77,80
öő,61,64,65,69
öű,71,76,77,80
úa,84,77,83,81
úb,55,51,54,52
úc,77,74,75,74
úd,87,80,84,80
úe,82,77,80,77
úf,57,57,59,57
úg,83,77,82,80
úh,55,58,58,56
úi,56,52,57,55
új,55,55,56,54
úk,55,58,58,56
úl,55,58,58,56
úm,86,79,83,78
ún,86,79,83,78
úo,82,77,80,77
úp,50,49,48,45
úq,81,78,81,78
úr,86,79,83,78
ús,41,37,41,37
út,54,52,53,51
úu,53,51,55,50
úv,72,72,69,72
úw,67,71,64,67
úx,42,38,39,37
úy,75,79,73,80
úz,65,66,73,69
úá,53,49,55,49
úé,52,45,53,49
úí,57,56,58,57
úó,52,44,50,46
úö,85,79,82,80
úú,58,55,58,54
úü,56,54,57,53
úő,52,44,50,48
úű,58,55,58,54
üa,84,77,83,81
üb,55,49,54,52
üc,77,74,75,74
üd,85,79,82,79
üe,83,78,81,78
üf,56,53,58,56
üg,83,77,82,80
üh,54,53,57,55
üi,56,52,57,55
üj,56,55,56,54
ük,54,53,57,55
ül,54,53,57,55
üm,86,79,83,78
ün,86,79,83,78
üo,83,78,81,78
üp,50,49,48,45
üq,81,78,81,78
ür,86,79,83,78
üs,41,37,41,37
üt,54,49,53,51
üu,53,51,55,50
üv,72,72,69,72
üw,67,71,64,67
üx,42,38,39,37
üy,75,79,73,80
üz,65,66,73,69
üá,85,77,84,81
üé,87,80,84,83
üí,56,52,57,55
üó,85,79,82,80
üö,85,79,82,80
üú,56,54,57,53
üü,56,54,57,53
üő,85,79,82,80
üű,56,54,57,53
őa,62,69,67,73
őb,67,69,69,76
őc,58,60,61,64
őd,64,70,69,73
őe,58,61,62,65
őf,81,86,85,89
őg,61,66,67,71
őh,72,83,78,85
ői,79,86,85,89
őj,70,82,76,83
ők,72,83,78,85
ől,72,83,78,85
őm,75,80,79,84
őn,75,80,79,84
őo,58,61,62,65
őp,68,79,75,79
őq,58,61,62,65
őr,75,80,79,84
ős,66,75,74,77
őt,69,80,76,81
őu,67,72,72,75
őv,62,60,66,63
őw,60,60,64,62
őx,74,73,74,71
őy,66,66,73,72
őz,75,78,79,82
őá,78,85,85,90
őé,69,75,74,77
őí,79,86,85,89
őó,67,72,71,74
őö,61,64,65,69
őú,72,79,78,81
őü,71,76,77,80
őő,67,72,71,74
őű,72,79,78,81
űa,84,77,83,81
űb,55,50,54,52
űc,77,74,75,74
űd,87,80,84,80
űe,83,78,81,78
űf,57,57,59,57
űg,83,77,82,80
űh,55,58,58,56
űi,56,52,57,55
űj,55,55,56,54
űk,55,58,58,56
űl,55,58,58,56
űm,86,79,83,78
űn,86,79,83,78
űo,83,78,81,78
űp,50,49,48,45
űq,81,78,81,78
űr,86,79,83,78
űs,41,37,41,37
űt,54,52,53,51
űu,53,51,55,50
űv,72,72,69,72
űw,67,71,64,67
űx,42,38,39,37
űy,75,79,73,80
űz,65,66,73,69
űá,53,49,55,49
űé,52,45,53,49
űí,57,56,58,57
űó,52,44,50,46
űö,85,79,82,80
űú,58,55,58,54
űü,56,54,57,53
űő,52,44,50,48
űű,58,55,58,54
